{"cameraMode":{"drawMode":0,"name":"Shaded","section":"Shading Mode"},"sceneLighting":false,"audioPlay":false,"sceneViewState":{"m_AlwaysRefresh":false,"showFog":true,"showSkybox":false,"showFlares":true,"showImageEffects":true,"showParticleSystems":true,"showVisualEffectGraphs":true,"m_FxEnabled":true},"in2DMode":false,"pivot":{"x":301.6876220703125,"y":-17.152847290039064,"z":118.86746215820313},"rotation":{"x":0.14797621965408326,"y":0.10659071803092957,"z":-0.016043705865740777,"w":0.9831047058105469},"size":103.87852478027344,"orthographic":false}