{"cameraMode":{"drawMode":0,"name":"Shaded","section":"Shading Mode"},"sceneLighting":true,"audioPlay":false,"sceneViewState":{"m_AlwaysRefresh":false,"showFog":true,"showSkybox":true,"showFlares":true,"showImageEffects":true,"showParticleSystems":true,"showVisualEffectGraphs":true,"m_FxEnabled":true},"in2DMode":false,"pivot":{"x":48.55401611328125,"y":50.82795715332031,"z":-105.60519409179688},"rotation":{"x":0.19164131581783296,"y":0.23872767388820649,"z":-0.04812243580818176,"w":0.9507853984832764},"size":222.98794555664063,"orthographic":false}